SINO,Main Module Name,Modules,Sub modules,Owners,Backend Owners,Backend Help,UI,API Integration,Comments
1,Optimization - Critical,SEO Migration,Create metadata.ts utility function - Generate page metadata function - Generate structured data function,Frontend Dev,No backend help needed,No backend help needed,Not Started,Not Started,Task 1: Migrate SEO to Next.js Metadata API - Priority: CRITICAL - Time: 2-3 hours
2,Optimization - Critical,SEO Migration,Update Home Page (page.tsx) - Create HomePageClient.tsx - Add generateMetadata function,Frontend Dev,No backend help needed,No backend help needed,Not Started,Not Started,Move client logic to separate component - Remove PageSEO usage
3,Optimization - Critical,SEO Migration,Update all 23 pages - Add generateMetadata to each page - Create client components for each page,Frontend Dev,No backend help needed,No backend help needed,Not Started,Not Started,Pattern: Server component for metadata - Client component for interactivity
4,Optimization - Critical,SEO Migration,Testing & Verification - Verify metadata in HTML head - Test Open Graph tags - Test Twitter Cards,Frontend Dev,No backend help needed,No backend help needed,Not Started,Not Started,Use Facebook Debugger and Twitter Card Validator
5,Optimization - Critical,SEO Migration,Remove Old SEO Component - Delete or update PageSEO.tsx - Keep JSON-LD if needed,Frontend Dev,No backend help needed,No backend help needed,Not Started,Not Started,Cleanup after all pages migrated - Can keep for JSON-LD only
6,Optimization - Critical,Image Optimization,Update HeroSection component - Replace background-image with Next.js Image - Add proper fill/priority props,Frontend Dev,No backend help needed,No backend help needed,Not Started,Not Started,Task 2: Image Optimization - Priority: CRITICAL - Time: 2-3 hours
7,Optimization - Critical,Image Optimization,Find and replace all image usage - Search for <img> tags - Replace with next/image component - Update CSS background images,Frontend Dev,No backend help needed,No backend help needed,Not Started,Not Started,Use priority for above-fold - Use lazy loading for below-fold
8,Optimization - Critical,Image Optimization,Update next.config.js - Add production Strapi domain - Configure image formats (AVIF WebP) - Set device sizes,Frontend Dev,No backend help needed,No backend help needed,Not Started,Not Started,Configure remotePatterns for production
9,Optimization - Critical,Image Optimization,Testing & Verification - Verify images load correctly - Check WebP/AVIF format - Test responsive images,Frontend Dev,No backend help needed,No backend help needed,Not Started,Not Started,Test Core Web Vitals (LCP improvement)
10,Optimization - Critical,API Error Handling,Create enhanced API client - Add timeout handling - Add retry logic - Add error classes,Frontend Dev,No backend help needed,No backend help needed,Not Started,Not Started,Task 3: API Error Handling - Priority: CRITICAL - Time: 1-2 hours
11,Optimization - Critical,API Error Handling,Update API hooks - Add error handling to useLandingPage - Add error handling to all hooks - Configure retry logic,Frontend Dev,No backend help needed,No backend help needed,Not Started,Not Started,Don't retry on 4xx errors - Retry on 5xx errors
12,Optimization - Critical,API Error Handling,Add Error Boundary component - Create ErrorBoundary.tsx - Add to layout or pages,Frontend Dev,No backend help needed,No backend help needed,Not Started,Not Started,Catch React errors gracefully
13,Optimization - Critical,API Error Handling,Testing & Verification - Test with invalid API URL - Test network timeout - Test 404/500 errors,Frontend Dev,No backend help needed,No backend help needed,Not Started,Not Started,Verify retry logic works correctly
14,Optimization - Important,Code Splitting,Lazy load ChatWidget - Use next/dynamic - Disable SSR for chat,Frontend Dev,No backend help needed,No backend help needed,Not Started,Not Started,Task 4: Code Splitting - Priority: IMPORTANT - Time: 1-2 hours
15,Optimization - Important,Code Splitting,Lazy load QuoteForm - Use next/dynamic - Add loading state,Frontend Dev,No backend help needed,No backend help needed,Not Started,Not Started,Reduce initial bundle size
16,Optimization - Important,Code Splitting,Lazy load heavy components - Charts (recharts) - Carousels (embla) - Rich text editors,Frontend Dev,No backend help needed,No backend help needed,Not Started,Not Started,Any component > 50KB
17,Optimization - Important,Code Splitting,Testing & Verification - Check bundle size reduction - Verify components load - Test loading states,Frontend Dev,No backend help needed,No backend help needed,Not Started,Not Started,Run npm run build and analyze
18,Optimization - Important,TypeScript Fixes,Enable type checking - Remove ignoreBuildErrors - Update next.config.js,Frontend Dev,No backend help needed,No backend help needed,Not Started,Not Started,Task 5: Fix TypeScript Errors - Priority: IMPORTANT - Time: 2-4 hours
19,Optimization - Important,TypeScript Fixes,Fix type errors - Start with critical errors - Fix type definitions - Add proper types,Frontend Dev,No backend help needed,No backend help needed,Not Started,Not Started,Use any only as last resort
20,Optimization - Important,TypeScript Fixes,Testing & Verification - Build succeeds - No IDE errors - All types defined,Frontend Dev,No backend help needed,No backend help needed,Not Started,Not Started,Remove ignoreBuildErrors from config
21,Optimization - Nice to Have,Loading States,Create loading.tsx files - Root loading.tsx - Route-specific loading.tsx,Frontend Dev,No backend help needed,No backend help needed,Not Started,Not Started,Task 6: Add Loading States - Priority: LOW - Time: 1 hour
22,Optimization - Nice to Have,QueryClient Optimization,Update QueryProvider - Adjust staleTime - Adjust gcTime - Add refetchOnMount: false,Frontend Dev,No backend help needed,No backend help needed,Not Started,Not Started,Task 7: Optimize QueryClient - Priority: LOW - Time: 30 min
23,Optimization - Nice to Have,Compression Headers,Update next.config.js - Add security headers - Add cache headers - Configure compression,Frontend Dev,No backend help needed,No backend help needed,Not Started,Not Started,Task 8: Add Compression Headers - Priority: LOW - Time: 30 min
24,Optimization - Final,Final Verification,Pre-Execution Checklist - Create feature branch - Backup code - Review all tasks,Frontend Dev,No backend help needed,No backend help needed,Not Started,Not Started,Before starting optimization work
25,Optimization - Final,Final Verification,Post-Execution Checklist - All tests pass - Build succeeds - Lighthouse score improved - Bundle size reduced,Frontend Dev,No backend help needed,No backend help needed,Not Started,Not Started,After completing all optimization tasks

